DayofMonth;DayOfWeek;Carrier;OriginAirportID;DestAirportID;DepDelay;ArrDelay;FlightId
19;5;DL;11433;13303;-3;1;111
19;5;DL;14869;12478;0;-8;123
19;5;DL;14057;14869;-4;-15;135
19;5;DL;15016;11433;28;24;147
19;5;DL;11193;12892;-6;-11;159
19;5;DL;10397;15016;-1;-19;171
19;5;DL;15016;10397;0;-1;183
19;5;DL;10397;14869;15;24;195
19;5;DL;10397;10423;33;34;207
19;5;DL;11278;10397;323;322;219
19;5;DL;14107;13487;-7;-13;231
19;5;DL;11433;11298;22;41;243
19;5;DL;11298;11433;40;20;255
19;5;DL;11433;12892;-2;-7;267
19;5;DL;10397;12451;71;75;279
19;5;DL;12451;10397;75;57;291
19;5;DL;12953;10397;-1;10;303
19;5;DL;11433;12953;-3;-10;315
19;5;DL;10397;14771;31;38;327
19;5;DL;13204;10397;8;25;339
19;5;DL;13487;12889;-3;-2;351
19;5;DL;12889;13487;7;16;363
19;5;DL;10397;14027;0;19;375
19;5;DL;14027;10397;13;25;387
19;5;DL;13244;10397;4;13;399
19;5;DL;12953;11697;12;-8;411
19;5;DL;10397;12892;15;7;423
19;5;DL;14869;14747;-7;-6;435
19;5;DL;14747;14869;15;18;447
19;5;DL;10397;10423;0;56;459
19;5;DL;10423;10397;56;49;471
20;6;DL;11292;12953;-5;6;483
20;6;DL;14869;14893;-5;-14;495
20;6;DL;12953;11697;-3;21;507
20;6;DL;14869;14908;-6;-14;519
20;6;DL;12892;15304;21;-2;531
20;6;DL;10397;11193;16;-2;543
20;6;DL;10397;11278;2;1;555
20;6;DL;11278;10397;34;38;567
20;6;DL;10397;13198;5;-6;579
20;6;DL;13198;10397;-2;-14;591
20;6;DL;11057;10397;-1;-13;603
20;6;DL;11433;13487;-3;-5;615
20;6;DL;13487;11433;-8;-13;627
20;6;DL;12953;10397;-5;-10;639
20;6;DL;10397;14100;-6;-27;651
20;6;DL;14100;10397;-6;14;663
20;6;DL;12478;10397;-3;-17;675
20;6;DL;12889;11433;-3;-10;687
20;6;DL;10397;14683;-4;-1;699
20;6;DL;11697;12953;20;1;711
20;6;DL;12892;10693;-5;-15;723
20;6;DL;13487;13198;35;26;735
20;6;DL;13198;13487;5;5;747
20;6;DL;12339;10397;-5;-11;759
20;6;DL;12478;12892;-3;-29;771
20;6;DL;14869;13487;4;5;783
20;6;DL;12266;11433;0;-11;795
20;6;DL;14747;10397;1;-14;807
20;6;DL;15304;10397;1;-17;819
20;6;DL;13487;14635;-6;-4;831
20;6;DL;14635;13487;-3;-15;843
20;6;DL;13930;10397;-1;9;855
20;6;DL;14679;14869;-6;-7;867
20;6;DL;10397;14869;0;-3;879
20;6;DL;12478;10721;0;-19;891
20;6;DL;10397;12953;-4;-25;903
20;6;DL;14100;14869;-5;-3;915
20;6;DL;14869;14100;-1;-26;927
20;6;DL;13204;11193;-7;-16;939
20;6;DL;14869;13487;-7;-18;951
20;6;DL;13487;14057;4;-15;963
20;6;DL;14057;13487;-3;-9;975
20;6;DL;14635;13487;-2;-11;987
20;6;DL;13244;10397;-3;-19;999
20;6;DL;14869;13487;-2;-7;1011
20;6;DL;12451;10397;-2;-12;1023
20;6;DL;13487;14107;-3;-11;1035
20;6;DL;10721;10397;-7;2;1047
20;6;DL;14869;12478;-9;-23;1059
20;6;DL;10397;10821;-2;-17;1071
20;6;DL;10821;10397;-4;-9;1083
20;6;DL;10397;13931;-5;-19;1095
20;6;DL;11433;11057;-2;-16;1107
20;6;DL;14107;11433;0;-14;1119
20;6;DL;10397;13198;-2;-10;1131
20;6;DL;11066;10397;-1;-13;1143
20;6;DL;10397;13931;-3;-22;1155
20;6;DL;11433;10397;-5;-21;1167
20;6;DL;14747;13487;-5;-18;1179
20;6;DL;11433;12889;-3;-10;1191
20;6;DL;12889;11433;-8;-16;1203
20;6;DL;10397;11292;-3;-13;1215
20;6;DL;10397;13495;0;3;1227
20;6;DL;13495;10397;2;-8;1239
20;6;DL;13487;14635;-4;-15;1251
20;6;DL;14635;13487;-4;-5;1263
20;6;DL;10397;13244;6;-4;1275
20;6;DL;10397;10140;-4;-20;1287
20;6;DL;10140;10397;-5;-15;1299
20;6;DL;10397;10792;-3;-23;1311
20;6;DL;10792;10397;-1;2;1323
20;6;DL;14492;11433;-5;-19;1335
20;6;DL;11433;10397;-4;-8;1347
20;6;DL;10397;15376;-1;-10;1359
20;6;DL;13487;10397;-2;-17;1371
20;6;DL;10397;11066;-3;-17;1383
20;6;DL;12953;11433;-2;-23;1395
18;4;DL;10397;11697;9;-12;1407
18;4;DL;11433;13204;-3;-14;1419
18;4;DL;11433;13303;103;90;1431
18;4;DL;14635;10397;-3;-6;1443
18;4;DL;12953;11433;31;24;1455
18;4;DL;15304;10397;-5;-16;1467
18;4;DL;10397;15304;10;4;1479
18;4;DL;11433;13487;292;293;1491
18;4;DL;10397;14100;1;-11;1503
18;4;DL;14100;10397;-2;-14;1515
18;4;DL;13487;14747;25;117;1527
18;4;DL;14747;12173;129;109;1539
18;4;DL;10397;11278;-3;-15;1551
18;4;DL;11618;11433;-8;-6;1563
18;4;DL;14771;12478;-2;12;1575
18;4;DL;14869;12892;28;14;1587
18;4;DL;10397;11618;76;61;1599
18;4;DL;13487;15304;0;-7;1611
18;4;DL;11433;11278;-8;-5;1623
18;4;DL;12173;14747;1;-6;1635
18;4;DL;12953;10397;-6;-11;1647
18;4;DL;11433;12953;184;185;1659
18;4;DL;10397;12266;57;59;1671
18;4;DL;10397;11057;2;7;1683
18;4;DL;11057;10397;12;-4;1695
18;4;DL;10397;12892;10;51;1707
18;4;DL;14908;14869;-2;3;1719
18;4;DL;14057;12478;-1;25;1731
18;4;DL;13487;14869;57;58;1743
18;4;DL;13487;13342;138;181;1755
18;4;DL;13342;13487;213;221;1767
18;4;DL;12892;12478;49;85;1779
18;4;DL;11433;13342;183;176;1791
18;4;DL;13204;13244;3;-6;1803
18;4;DL;14730;10397;0;-16;1815
18;4;DL;10397;11292;0;-8;1827
18;4;DL;10397;14679;-2;14;1839
18;4;DL;14679;10397;18;3;1851
18;4;DL;12892;13487;5;-4;1863
18;4;DL;10397;13204;-1;-11;1875
18;4;DL;11193;14869;-3;-16;1887
18;4;DL;14027;10397;-4;-11;1899
18;4;DL;10397;15304;8;2;1911
18;4;DL;13204;12889;19;10;1923
18;4;DL;12889;13204;-3;-18;1935
18;4;DL;13204;12953;-1;-7;1947
18;4;DL;13930;10397;120;109;1959
18;4;DL;14869;14679;-4;-7;1971
18;4;DL;14679;14869;9;18;1983
18;4;DL;13487;14831;255;262;1995
18;4;DL;10397;12339;13;5;2007
18;4;DL;12339;10397;22;21;2019
18;4;DL;10397;14122;-1;-2;2031
18;4;DL;14122;10397;6;-1;2043
18;4;DL;11433;10397;-8;-6;2055
18;4;DL;15016;13487;263;251;2067
18;4;DL;12953;13204;-1;-22;2079
18;4;DL;11433;10397;95;96;2091
18;4;DL;10397;10721;5;17;2103
18;4;DL;13487;14869;945;945;2115
18;4;DL;14122;10397;-1;-10;2127
18;4;DL;10397;11042;11;7;2139
18;4;DL;14869;14679;-2;-18;2151
18;4;DL;14679;14869;-6;-2;2163
18;4;DL;13487;12953;22;61;2175
18;4;DL;10397;12451;2;-4;2187
18;4;DL;12451;10397;-2;-13;2199
18;4;DL;13204;13487;0;36;2211
18;4;DL;10397;10721;11;-3;2223
18;4;DL;11193;14635;-1;-19;2235
18;4;DL;14635;11193;-7;-12;2247
18;4;DL;10397;15304;18;13;2259
18;4;DL;13487;14771;24;-20;2271
18;4;DL;14771;13487;-4;26;2283
18;4;DL;10693;10397;-4;-16;2295
18;4;DL;10397;15016;-2;-9;2307
18;4;DL;15016;10397;-1;10;2319
18;4;DL;10397;11298;-3;44;2331
18;4;DL;11298;10397;59;48;2343
18;4;DL;14869;10299;21;23;2355
18;4;DL;10821;10397;-7;-10;2367
18;4;DL;14747;13487;6;8;2379
18;4;DL;11193;10397;0;-9;2391
18;4;DL;11433;12889;-4;3;2403
18;4;DL;12889;11433;-4;-9;2415
18;4;DL;12953;13487;-4;13;2427
18;4;DL;13487;11697;-1;-11;2439
18;4;DL;11697;13487;22;6;2451
18;4;DL;13487;12892;110;105;2463
18;4;DL;13244;11433;-9;20;2475
18;4;DL;14869;10397;-6;-7;2487
18;4;DL;10397;10821;2;-10;2499
18;4;DL;10821;10397;136;127;2511
18;4;DL;11697;10397;-4;-1;2523
18;4;DL;10397;11697;-1;-16;2535
18;4;DL;13204;11433;-1;-11;2547
18;4;DL;10397;14747;10;0;2559
18;4;DL;12953;11433;-5;-9;2571
18;4;DL;12892;14869;1;-3;2583
18;4;DL;13487;14869;51;75;2595
18;4;DL;12892;13495;18;9;2607
18;4;DL;11433;14869;205;190;2619
18;4;DL;13487;13342;139;171;2631
18;4;DL;10397;11278;-3;-1;2643
18;4;DL;11278;10397;-5;-10;2655
18;4;DL;11433;11298;-3;19;2667
18;4;DL;11298;11433;74;78;2679
18;4;DL;10397;11618;-1;-22;2691
18;4;DL;11618;10397;-7;3;2703
18;4;DL;11433;11057;-3;1;2715
18;4;DL;11057;11433;-3;-8;2727
18;4;DL;11193;12889;27;8;2739
18;4;DL;12889;11193;-1;-4;2751
18;4;DL;12953;10397;-1;-26;2763
18;4;DL;14869;11433;4;10;2775
18;4;DL;10397;14771;12;17;2787
18;4;DL;10397;12478;0;-3;2799
18;4;DL;10397;14492;-2;-10;2811
18;4;DL;14492;10397;-6;-9;2823
18;4;DL;14635;10397;-6;-21;2835
18;4;DL;14869;12478;0;42;2847
18;4;DL;10397;12892;-4;-10;2859
18;4;DL;14027;12953;-4;-19;2871
18;4;DL;11278;14869;1;3;2883
18;4;DL;14869;11278;5;-6;2895
18;4;DL;10397;11066;-4;-4;2907
18;4;DL;12892;12478;-5;-12;2919
18;4;DL;12478;12892;37;17;2931
18;4;DL;12173;12892;4;10;2943
18;4;DL;12892;12173;1;-19;2955
18;4;DL;10397;14679;-1;-12;2967
18;4;DL;10397;14747;5;14;2979
18;4;DL;10397;13204;-2;-9;2991
18;4;DL;13204;10397;-10;-13;3003
18;4;DL;12953;14027;23;19;3015
18;4;DL;13487;14893;392;377;3027
18;4;DL;10397;15304;17;11;3039
18;4;DL;15304;10397;11;-3;3051
18;4;DL;10397;13303;3;-3;3063
18;4;DL;13303;10397;-1;-12;3075
18;4;DL;13204;13487;-6;-23;3087
18;4;DL;14869;14771;0;-8;3099
18;4;DL;14771;14869;-4;8;3111
18;4;DL;10397;15304;1;-17;3123
18;4;DL;15304;10397;3;-6;3135
18;4;DL;14869;14679;-2;-10;3147
18;4;DL;14679;14869;537;588;3159
18;4;DL;12953;11697;-7;-2;3171
18;4;DL;10397;12451;1;-7;3183
18;4;DL;12451;10397;1;-6;3195
18;4;DL;10397;13342;-4;-14;3207
18;4;DL;13342;10397;-3;-6;3219
18;4;DL;10397;13487;1;-18;3231
18;4;DL;14869;11278;-2;-9;3243
18;4;DL;11433;13495;11;32;3255
18;4;DL;10397;12953;16;-9;3267
18;4;DL;14908;13487;-4;-13;3279
18;4;DL;14869;14893;-4;-12;3291
18;4;DL;14893;14869;-1;2;3303
18;4;DL;12478;15304;0;-17;3315
18;4;DL;13487;14107;-6;-21;3327
18;4;DL;14107;13487;-6;19;3339
18;4;DL;12953;15304;17;13;3351
18;4;DL;10397;14100;2;-16;3363
18;4;DL;12953;14027;-8;-10;3375
18;4;DL;14027;12953;-6;-32;3387
18;4;DL;14771;11193;0;0;3399
18;4;DL;14747;14869;-3;-14;3411
18;4;DL;11292;13487;113;109;3423
18;4;DL;10397;14524;-4;-14;3435
18;4;DL;14524;10397;-4;-10;3447
19;5;DL;14771;12478;-1;22;3459
19;5;DL;12478;13204;14;37;3471
19;5;DL;13204;12478;164;191;3483
19;5;DL;12478;14869;13;66;3495
19;5;DL;10397;13303;4;2;3507
19;5;DL;12266;10397;52;33;3519
19;5;DL;11193;10397;35;29;3531
19;5;DL;12892;12478;4;7;3543
19;5;DL;12478;12892;-5;18;3555
19;5;DL;12892;11433;14;14;3567
19;5;DL;13204;10397;50;64;3579
19;5;DL;12478;10397;132;120;3591
19;5;DL;13244;10397;11;2;3603
19;5;DL;14771;12478;0;-10;3615
19;5;DL;12478;14771;-1;-12;3627
19;5;DL;13204;10397;-1;20;3639
19;5;DL;10397;13204;7;10;3651
19;5;DL;14747;13487;-5;-10;3663
19;5;DL;13487;14747;0;-19;3675
19;5;DL;13487;11433;4;10;3687
19;5;DL;11433;13487;-5;-20;3699
19;5;DL;12266;10397;16;0;3711
19;5;DL;10397;12266;-5;-17;3723
19;5;DL;12953;10397;-1;26;3735
19;5;DL;12889;10397;8;6;3747
19;5;DL;10397;12889;4;1;3759
19;5;DL;15304;10397;45;50;3771
19;5;DL;11193;10397;49;66;3783
19;5;DL;10397;13204;18;9;3795
19;5;DL;12478;11697;55;47;3807
19;5;DL;11298;10397;1;-6;3819
19;5;DL;10397;11298;7;4;3831
19;5;DL;12892;12478;-7;-8;3843
19;5;DL;12478;12892;19;75;3855
19;5;DL;14869;12478;2;4;3867
19;5;DL;12478;11433;-3;17;3879
19;5;DL;12892;10397;3;-8;3891
19;5;DL;10397;13204;10;5;3903
19;5;DL;13204;10397;6;12;3915
19;5;DL;10397;12892;0;-13;3927
19;5;DL;11433;10397;8;36;3939
19;5;DL;10397;11433;10;-11;3951
19;5;DL;12478;12892;-6;-15;3963
19;5;DL;14747;10397;0;-3;3975
19;5;DL;12889;10397;-3;-11;3987
19;5;DL;10397;12889;17;7;3999
19;5;DL;12478;11697;12;29;4011
19;5;DL;13487;11433;3;-8;4023
19;5;DL;11433;11292;46;19;4035
19;5;DL;14869;10397;-3;-5;4047
19;5;DL;11433;10721;0;-13;4059
19;5;DL;10721;11433;0;-13;4071
19;5;DL;12478;12889;-3;-5;4083
19;5;DL;13303;10397;-2;1;4095
19;5;DL;12266;10397;57;50;4107
19;5;DL;10397;12451;0;-3;4119
19;5;DL;11433;12953;198;203;4131
19;5;DL;12953;11433;-2;-10;4143
19;5;DL;14747;12478;-4;31;4155
19;5;DL;12478;14747;-2;-30;4167
19;5;DL;12892;10397;-1;-8;4179
19;5;DL;11292;13487;-3;5;4191
19;5;DL;11278;10397;36;67;4203
19;5;DL;15304;10397;38;38;4215
19;5;DL;14122;10397;14;25;4227
19;5;DL;10397;13487;36;13;4239
19;5;DL;12478;14107;242;226;4251
19;5;DL;14679;12478;-2;1;4263
19;5;DL;11697;11433;-6;-29;4275
19;5;DL;11292;13487;-3;-3;4287
19;5;DL;10397;12478;128;180;4299
19;5;DL;12478;13303;1;11;4311
19;5;DL;10397;13487;11;-13;4323
19;5;DL;12478;14843;-3;-3;4335
19;5;DL;13204;14869;-2;6;4347
19;5;DL;14843;12478;-7;29;4359
19;5;DL;10397;13244;14;4;4371
19;5;DL;10397;10792;53;35;4383
19;5;DL;12478;14843;-5;-21;4395
19;5;DL;15376;10397;-5;5;4407
19;5;DL;10397;14893;-2;-3;4419
19;5;DL;14893;10397;2;5;4431
19;5;DL;12889;12478;-7;-17;4443
19;5;DL;14843;12478;-7;-27;4455
19;5;DL;14100;10397;10;4;4467
19;5;DL;12478;14843;34;50;4479
19;5;DL;11193;10397;-2;4;4491
19;5;DL;14843;12478;-7;-12;4503
19;5;DL;10397;11193;6;-5;4515
19;5;DL;10397;11057;181;177;4527
19;5;DL;11057;10397;174;182;4539
19;5;DL;10397;11278;-4;24;4551
19;5;DL;13342;10397;0;21;4563
19;5;DL;10397;13487;1;-24;4575
19;5;DL;10397;10693;90;115;4587
19;5;DL;10397;14122;-4;-14;4599
19;5;DL;14122;10397;-2;9;4611
19;5;DL;10721;13487;-7;-16;4623
19;5;DL;10397;12892;-1;-13;4635
19;5;DL;10397;11278;46;84;4647
19;5;DL;10397;12266;37;35;4659
19;5;DL;10397;13487;31;17;4671
19;5;DL;10397;11618;1;-9;4683
19;5;DL;11618;10397;59;67;4695
19;5;DL;11278;10397;0;-16;4707
19;5;DL;12889;11433;1;-12;4719
19;5;DL;11433;11298;25;13;4731
19;5;DL;11298;11433;-6;-15;4743
19;5;DL;10397;10721;230;202;4755
19;5;DL;10397;11278;27;7;4767
19;5;DL;14843;10397;-6;-21;4779
19;5;DL;14843;10397;-8;-12;4791
19;5;DL;10397;12953;26;24;4803
19;5;DL;13487;13244;-3;-7;4815
19;5;DL;10397;14843;4;39;4827
19;5;DL;10397;14843;-3;-13;4839
19;5;DL;14843;10397;2;11;4851
19;5;DL;10397;14843;19;11;4863
19;5;DL;14843;10397;28;28;4875
19;5;DL;12889;14869;-1;-2;4887
19;5;DL;13244;13487;1;1;4899
19;5;DL;10397;13204;37;24;4911
19;5;DL;13495;12953;23;20;4923
19;5;DL;10721;10397;0;15;4935
19;5;DL;10397;10721;-1;-19;4947
19;5;DL;10397;11292;76;72;4959
19;5;DL;11433;11292;-5;-22;4971
19;5;DL;10397;12953;78;104;4983
19;5;DL;12953;10397;0;-10;4995
19;5;DL;12889;13244;-3;-15;5007
19;5;DL;10397;14635;-1;35;5019
19;5;DL;10397;13495;7;16;5031
19;5;DL;13495;10397;10;4;5043
19;5;DL;11618;10397;-2;-1;5055
19;5;DL;10397;12953;38;25;5067
19;5;DL;13204;14869;25;39;5079
19;5;DL;12892;10397;-2;-10;5091
19;5;DL;10397;14492;1;68;5103
19;5;DL;14869;11193;-1;-12;5115
19;5;DL;11433;12892;-1;0;5127
19;5;DL;12478;14679;-1;5;5139
19;5;DL;10397;11618;61;96;5151
19;5;DL;10397;12451;31;36;5163
19;5;DL;12451;10397;36;50;5175
19;5;DL;11433;13487;14;5;5187
19;5;DL;10397;10529;35;17;5199
19;5;DL;12953;13303;-5;-4;5211
19;5;DL;14057;10397;12;12;5223
19;5;DL;14869;12892;-5;-15;5235
19;5;DL;11057;14869;-9;-23;5247
19;5;DL;14869;11057;-4;-23;5259
19;5;DL;11433;10397;0;19;5271
19;5;DL;10821;13487;19;11;5283
19;5;DL;12478;11292;28;30;5295
19;5;DL;13232;10397;35;48;5307
19;5;DL;15304;12953;53;61;5319
19;5;DL;13244;10397;111;91;5331
19;5;DL;10397;13495;11;7;5343
19;5;DL;14683;10397;-3;-18;5355
19;5;DL;13495;12953;30;15;5367
19;5;DL;10397;14843;1;7;5379
19;5;DL;10397;11193;0;0;5391
19;5;DL;11292;10397;77;66;5403
19;5;DL;14679;13487;-1;10;5415
19;5;DL;13487;11433;-3;-21;5427
19;5;DL;11618;10397;-5;-11;5439
19;5;DL;14869;11433;0;0;5451
19;5;DL;11278;11433;-3;-25;5463
19;5;DL;11433;11278;71;70;5475
19;5;DL;11433;12889;0;-20;5487
19;5;DL;11433;15016;-1;-12;5499
19;5;DL;15016;11433;1;-8;5511
19;5;DL;11433;10693;-2;8;5523
19;5;DL;10693;11433;12;-3;5535
19;5;DL;11433;15304;29;47;5547
19;5;DL;12339;11433;2;0;5559
19;5;DL;10397;10423;-4;-9;5571
19;5;DL;10423;10397;-4;-7;5583
19;5;DL;12953;13495;-4;6;5595
19;5;DL;10397;11433;2;-17;5607
19;5;DL;13198;10397;-5;-2;5619
19;5;DL;12478;13204;-8;-14;5631
19;5;DL;13204;12478;0;40;5643
19;5;DL;10397;14027;0;-11;5655
19;5;DL;14027;10397;-1;-2;5667
19;5;DL;13930;10397;0;28;5679
19;5;DL;10397;11057;30;26;5691
19;5;DL;11057;10397;24;24;5703
19;5;DL;12478;10423;-3;18;5715
19;5;DL;14869;14831;8;6;5727
19;5;DL;11433;11292;91;80;5739
19;5;DL;10397;13204;-1;-8;5751
19;5;DL;14635;10397;-2;5;5763
19;5;DL;13487;10397;4;0;5775
19;5;DL;10397;10792;0;-4;5787
19;5;DL;10792;10397;-5;13;5799
19;5;DL;10397;11292;19;46;5811
19;5;DL;10397;13204;-3;-15;5823
19;5;DL;12953;11433;-5;-23;5835
19;5;DL;12451;10397;-3;-18;5847
19;5;DL;11433;14747;273;266;5859
19;5;DL;10397;12451;26;19;5871
19;5;DL;10397;14893;41;29;5883
19;5;DL;14893;10397;28;17;5895
19;5;DL;10397;13244;61;57;5907
19;5;DL;10693;10397;-2;-6;5919
19;5;DL;14492;10397;303;292;5931
19;5;DL;10397;13487;0;-15;5943
19;5;DL;11433;14771;-2;-13;5955
19;5;DL;10397;14635;-1;-2;5967
19;5;DL;10397;11433;17;19;5979
19;5;DL;13303;10397;-2;-10;5991
19;5;DL;12889;11433;-3;14;6003
19;5;DL;10397;14122;17;5;6015
19;5;DL;14122;10397;12;24;6027
19;5;DL;10397;11066;39;25;6039
19;5;DL;11066;10397;26;30;6051
19;5;DL;13487;12889;1;0;6063
19;5;DL;12889;13487;100;97;6075
19;5;DL;12451;10397;-2;-10;6087
19;5;DL;10397;13244;-3;7;6099
19;5;DL;10397;13232;63;55;6111
19;5;DL;13232;10397;56;48;6123
19;5;DL;12478;12892;5;-16;6135
19;5;DL;10397;13342;16;21;6147
19;5;DL;13342;10397;19;30;6159
19;5;DL;13244;10397;-1;17;6171
19;5;DL;10397;13342;31;15;6183
19;5;DL;10397;14027;45;39;6195
19;5;DL;14027;10397;36;41;6207
19;5;DL;10397;13342;-3;-16;6219
19;5;DL;13204;11193;-6;-22;6231
19;5;DL;13342;10397;-3;22;6243
19;5;DL;10397;14307;32;49;6255
19;5;DL;10397;14057;1;-9;6267
19;5;DL;14683;10397;0;-16;6279
19;5;DL;13495;10397;-2;-9;6291
19;5;DL;14869;12889;7;-7;6303
19;5;DL;10397;14730;2;1;6315
19;5;DL;14730;10397;-5;6;6327
19;5;DL;12953;10397;65;52;6339
19;5;DL;13303;12478;-5;-7;6351
19;5;DL;13487;10397;-7;24;6363
19;5;DL;10397;13487;-3;-18;6375
19;5;DL;13487;10397;1;-2;6387
19;5;DL;10397;12953;43;28;6399
19;5;DL;13487;10397;19;13;6411
19;5;DL;11433;12892;0;-18;6423
19;5;DL;12889;14869;-5;-8;6435
19;5;DL;10397;15016;30;10;6447
19;5;DL;13198;13487;-4;-16;6459
19;5;DL;13487;14869;-1;2;6471
19;5;DL;13303;11433;-5;-20;6483
19;5;DL;10397;12339;-2;-19;6495
19;5;DL;12339;10397;-1;10;6507
19;5;DL;10397;13232;8;-11;6519
19;5;DL;13232;10397;0;2;6531
19;5;DL;11433;12339;16;7;6543
19;5;DL;10397;12953;22;14;6555
19;5;DL;11193;13204;30;28;6567
19;5;DL;14100;10397;-4;-8;6579
19;5;DL;14771;13487;183;201;6591
19;5;DL;11618;10397;-5;-13;6603
19;5;DL;13487;10721;-1;35;6615
19;5;DL;10721;13487;-2;-7;6627
19;5;DL;12266;10397;-8;-13;6639
19;5;DL;10397;13930;-3;3;6651
19;5;DL;13930;10397;11;33;6663
19;5;DL;10397;14100;40;27;6675
19;5;DL;13204;10721;-7;-20;6687
19;5;DL;13487;13871;28;18;6699
19;5;DL;13871;13487;15;3;6711
19;5;DL;13487;10721;47;49;6723
19;5;DL;10721;13487;-7;-15;6735
19;5;DL;14908;13487;-11;-4;6747
19;5;DL;13487;12892;-1;-12;6759
19;5;DL;14747;11433;-5;5;6771
19;5;DL;11057;10397;-5;7;6783
19;5;DL;14107;11433;109;107;6795
19;5;DL;10721;11193;0;10;6807
19;5;DL;10397;11057;116;105;6819
19;5;DL;11057;10397;116;93;6831
19;5;DL;11697;10397;-6;1;6843
19;5;DL;10721;13487;42;18;6855
19;5;DL;13198;12892;1;6;6867
19;5;DL;12953;11433;-7;-6;6879
19;5;DL;11278;14869;-5;-16;6891
19;5;DL;11433;14679;44;12;6903
19;5;DL;14679;11433;10;10;6915
19;5;DL;14635;12953;35;28;6927
19;5;DL;15016;10397;5;3;6939
19;5;DL;12173;10397;-1;-17;6951
19;5;DL;10397;12173;-1;8;6963
19;5;DL;10397;13204;18;16;6975
19;5;DL;11278;10397;31;24;6987
19;5;DL;13244;15304;34;27;6999
19;5;DL;14747;12478;6;14;7011
19;5;DL;10397;13871;16;11;7023
19;5;DL;13871;10397;13;14;7035
19;5;DL;13930;10397;3;22;7047
19;5;DL;14107;10397;-5;-6;7059
19;5;DL;12953;10397;16;6;7071
19;5;DL;13487;10721;-5;2;7083
19;5;DL;13495;10397;0;-9;7095
19;5;DL;12892;14492;30;2;7107
19;5;DL;15304;13244;-4;-2;7119
19;5;DL;11433;14635;-6;-3;7131
19;5;DL;14771;11433;-3;-7;7143
19;5;DL;11433;14869;1;-2;7155
19;5;DL;14679;12478;-5;12;7167
19;5;DL;12478;14679;-5;-24;7179
19;5;DL;13487;10721;1;5;7191
19;5;DL;10721;13487;55;46;7203
19;5;DL;14908;13487;-2;8;7215
19;5;DL;12892;12478;-5;12;7227
19;5;DL;12478;12892;-5;-15;7239
19;5;DL;13244;11433;-6;-27;7251
19;5;DL;10721;12478;-7;-16;7263
19;5;DL;13487;10721;-7;-6;7275
19;5;DL;14869;14747;0;-5;7287
19;5;DL;13303;12953;26;34;7299
19;5;DL;13871;10397;0;-1;7311
19;5;DL;12339;12892;7;4;7323
19;5;DL;11433;14635;12;31;7335
19;5;DL;10397;14730;-1;4;7347
19;5;DL;14730;10397;0;10;7359
19;5;DL;11433;13487;-1;-9;7371
19;5;DL;13487;11433;28;36;7383
19;5;DL;12892;13204;-4;-19;7395
19;5;DL;12953;11292;4;-12;7407
19;5;DL;10397;14730;11;-9;7419
19;5;DL;10397;12953;12;51;7431
19;5;DL;13487;11433;4;-2;7443
19;5;DL;10397;13487;13;-10;7455
19;5;DL;10397;14492;0;38;7467
19;5;DL;15304;12478;-7;-18;7479
19;5;DL;13303;10397;-1;2;7491
19;5;DL;15304;11433;-5;-16;7503
19;5;DL;10397;13204;0;-12;7515
19;5;DL;11193;10721;-4;-14;7527
19;5;DL;13487;14107;18;-1;7539
19;5;DL;11433;10721;-3;-12;7551
19;5;DL;13487;10397;-4;-4;7563
19;5;DL;10397;14492;63;135;7575
19;5;DL;14771;13487;340;325;7587
19;5;DL;13487;13930;-3;6;7599
19;5;DL;13930;13487;14;-4;7611
19;5;DL;11697;11193;-9;-22;7623
19;5;DL;11193;11697;-4;-4;7635
19;5;DL;11697;11193;-1;-12;7647
19;5;DL;10397;11298;-2;3;7659
19;5;DL;11298;10397;-7;-17;7671
19;5;DL;13487;12889;5;-16;7683
19;5;DL;10821;14869;0;-2;7695
19;5;DL;12953;11292;4;-8;7707
19;5;DL;12889;11433;-5;6;7719
19;5;DL;13487;10821;20;18;7731
19;5;DL;12892;13198;-11;-10;7743
19;5;DL;13487;13342;69;78;7755
19;5;DL;13342;13487;82;70;7767
19;5;DL;14869;14908;-7;-15;7779
19;5;DL;14908;14869;-6;-10;7791
19;5;DL;13487;13303;-3;3;7803
19;5;DL;13204;10397;4;2;7815
19;5;DL;10397;11618;39;27;7827
19;5;DL;11618;10397;37;46;7839
19;5;DL;13487;13342;3;5;7851
19;5;DL;13342;13487;4;-6;7863
19;5;DL;11292;12953;42;46;7875
19;5;DL;14869;14893;17;37;7887
19;5;DL;12953;11697;-5;14;7899
19;5;DL;13487;13342;0;0;7911
19;5;DL;13342;13487;0;0;7923
19;5;DL;14869;14908;-6;-13;7935
19;5;DL;12892;15304;16;5;7947
19;5;DL;10397;11618;69;76;7959
19;5;DL;11618;10397;86;91;7971
19;5;DL;10397;11193;0;-7;7983
19;5;DL;10397;14683;10;19;7995
19;5;DL;14683;10397;100;84;8007
19;5;DL;10397;11278;20;16;8019
19;5;DL;11278;10397;0;8;8031
19;5;DL;10397;13198;-3;16;8043
19;5;DL;13198;10397;-2;-8;8055
19;5;DL;11433;13487;-3;-14;8067
19;5;DL;13487;11433;-3;-12;8079
19;5;DL;12953;10397;197;251;8091
19;5;DL;10397;14100;-2;-21;8103
19;5;DL;14100;10397;-3;-11;8115
19;5;DL;12478;10397;217;213;8127
19;5;DL;14869;14057;-3;-13;8139
19;5;DL;14057;14869;-8;-15;8151
19;5;DL;10397;14683;30;34;8163
19;5;DL;11697;12953;62;36;8175
19;5;DL;12892;10693;-2;-13;8187
19;5;DL;13487;13198;-1;-14;8199
19;5;DL;13198;13487;-6;-14;8211
19;5;DL;12339;10397;38;45;8223
19;5;DL;11433;12266;29;41;8235
19;5;DL;12892;12339;-2;-19;8247
19;5;DL;12478;12892;73;92;8259
19;5;DL;14869;13487;-5;-6;8271
19;5;DL;12266;11433;-5;-32;8283
19;5;DL;13487;11298;15;6;8295
19;5;DL;14747;10397;-3;-12;8307
19;5;DL;15304;10397;-2;-7;8319
19;5;DL;13487;14635;-2;18;8331
19;5;DL;14635;13487;14;16;8343
19;5;DL;12953;14122;9;18;8355
19;5;DL;13930;10397;2;18;8367
19;5;DL;14679;14869;-9;2;8379
19;5;DL;14869;13244;-5;8;8391
19;5;DL;12892;13495;-2;-19;8403
19;5;DL;14122;12953;-2;-14;8415
19;5;DL;10397;14869;-1;-8;8427
19;5;DL;13495;12892;23;27;8439
19;5;DL;12478;10721;0;11;8451
19;5;DL;10397;12953;75;118;8463
19;5;DL;14100;14869;-1;-26;8475
19;5;DL;14869;14100;-2;-8;8487
19;5;DL;13204;11193;0;18;8499
19;5;DL;14869;13487;-1;-7;8511
19;5;DL;13487;14057;-3;-2;8523
19;5;DL;14057;13487;-5;-4;8535
19;5;DL;14635;13487;-5;-25;8547
19;5;DL;14869;13487;-5;-7;8559
19;5;DL;12451;10397;-6;-1;8571
19;5;DL;13487;14107;70;42;8583
19;5;DL;10721;10397;-6;10;8595
19;5;DL;14869;12478;86;73;8607
19;5;DL;10397;10821;-1;32;8619
19;5;DL;10821;10397;19;25;8631
19;5;DL;10397;13931;18;108;8643
19;5;DL;11433;11057;92;132;8655
19;5;DL;11057;11433;116;107;8667
19;5;DL;14107;11433;-5;-14;8679
19;5;DL;10397;13198;-2;-6;8691
19;5;DL;13198;10397;-2;-16;8703
19;5;DL;13244;10397;0;-9;8715
19;5;DL;10397;13303;15;0;8727
19;5;DL;13303;10397;-3;-8;8739
19;5;DL;10397;13303;48;26;8751
19;5;DL;13303;10397;19;29;8763
19;5;DL;10397;13495;27;34;8775
19;5;DL;13495;10397;32;36;8787
19;5;DL;12451;10397;3;-12;8799
19;5;DL;13487;11278;61;74;8811
19;5;DL;12478;14771;-4;-48;8823
19;5;DL;14771;10397;-3;-4;8835
19;5;DL;10397;10423;0;6;8847
19;5;DL;10423;10397;13;8;8859
19;5;DL;11433;15016;18;17;8871
19;5;DL;10397;14683;13;13;8883
19;5;DL;14683;10397;3;-15;8895
19;5;DL;15304;10397;1;-15;8907
19;5;DL;10397;13303;48;41;8919
19;5;DL;10397;13342;-2;-29;8931
19;5;DL;13342;10397;-2;-11;8943
19;5;DL;15304;12953;52;39;8955
19;5;DL;13204;12953;18;10;8967
19;5;DL;10397;11057;0;12;8979
19;5;DL;11057;10397;-4;-7;8991
19;5;DL;12953;11697;-4;3;9003
19;5;DL;14771;10397;-1;-12;9015
19;5;DL;11193;10397;-3;16;9027
19;5;DL;14869;11433;-1;-5;9039
19;5;DL;14869;12889;-4;-15;9051
19;5;DL;12266;10397;-1;2;9063
19;5;DL;12953;13204;-2;-29;9075
19;5;DL;10397;12953;1;34;9087
19;5;DL;13487;14679;43;19;9099
19;5;DL;12889;13244;-5;-21;9111
19;5;DL;10721;11433;-4;-12;9123
19;5;DL;11298;10397;0;4;9135
19;5;DL;10397;15304;9;-1;9147
19;5;DL;15304;10397;8;11;9159
19;5;DL;11433;15304;-1;17;9171
19;5;DL;15304;11433;20;11;9183
19;5;DL;11433;10397;-1;53;9195
19;5;DL;10397;14100;-3;-7;9207
19;5;DL;14100;10397;-1;6;9219
19;5;DL;13244;11433;145;156;9231
19;5;DL;10397;12339;71;59;9243
19;5;DL;10397;10693;17;6;9255
19;5;DL;10693;10397;4;6;9267
19;5;DL;10397;10721;11;33;9279
19;5;DL;10721;10397;-3;-1;9291
19;5;DL;12953;14027;8;-19;9303
19;5;DL;14027;12953;26;-1;9315
19;5;DL;11697;11433;-6;-19;9327
19;5;DL;11433;13204;4;26;9339
19;5;DL;13204;11433;12;30;9351
19;5;DL;10397;10821;27;21;9363
19;5;DL;13244;10397;-4;19;9375
19;5;DL;11433;13930;-5;13;9387
19;5;DL;14869;14679;-3;-13;9399
19;5;DL;10397;11298;20;20;9411
19;5;DL;11298;10397;20;2;9423
19;5;DL;10397;11298;34;26;9435
19;5;DL;14869;10397;-3;-2;9447
19;5;DL;10397;14107;35;34;9459
19;5;DL;11292;10397;43;35;9471
19;5;DL;11433;12889;0;-17;9483
19;5;DL;14908;10397;-4;-6;9495
19;5;DL;12953;13487;-3;-17;9507
19;5;DL;11433;14107;-5;-25;9519
19;5;DL;14107;11433;-5;-12;9531
19;5;DL;10397;15304;36;52;9543
19;5;DL;15304;10397;40;34;9555
19;5;DL;10721;11433;-8;-3;9567
19;5;DL;10397;10821;54;57;9579
19;5;DL;10397;10821;-3;14;9591
19;5;DL;10821;10397;15;32;9603
19;5;DL;10397;13198;69;58;9615
19;5;DL;11697;10397;4;-9;9627
19;5;DL;13204;11433;-2;-16;9639
19;5;DL;14747;10397;0;-7;9651
19;5;DL;11433;14027;24;46;9663
19;5;DL;14027;11433;52;24;9675
19;5;DL;12451;10397;-2;-3;9687
19;5;DL;11193;12892;8;-19;9699
19;5;DL;12953;15304;12;-6;9711
19;5;DL;10397;13495;12;15;9723
19;5;DL;10821;11433;-6;-12;9735
19;5;DL;10397;11278;175;315;9747
19;5;DL;11278;10397;139;166;9759
19;5;DL;14771;12478;-9;-17;9771
19;5;DL;11193;14107;21;33;9783
19;5;DL;10397;11618;57;36;9795
19;5;DL;11618;10397;33;32;9807
19;5;DL;13487;14747;3;-13;9819
19;5;DL;11433;11278;-5;-10;9831
19;5;DL;11278;11433;-5;-22;9843
19;5;DL;11433;10721;0;-10;9855
19;5;DL;12953;10397;16;22;9867
19;5;DL;11433;12953;4;-1;9879
19;5;DL;10397;13303;22;11;9891
19;5;DL;14869;11433;40;33;9903
19;5;DL;10397;13303;8;2;9915
19;5;DL;13303;10397;3;-2;9927
19;5;DL;11298;10397;-6;-6;9939
19;5;DL;10397;11193;49;37;9951
19;5;DL;14869;14747;-1;-2;9963
19;5;DL;13204;12478;-1;-3;9975
19;5;DL;12478;13204;-4;6;9987
19;5;DL;13487;13198;-3;9;9999
19;5;DL;13198;13487;7;-4;10011
19;5;DL;14524;10397;-1;-12;10023
19;5;DL;11278;13487;14;-15;10035
19;5;DL;10397;13930;18;0;10047
19;5;DL;13930;10397;14;43;10059
19;5;DL;11298;10397;-3;5;10071
19;5;DL;12892;13487;-1;-12;10083
19;5;DL;10397;13495;-3;13;10095
19;5;DL;13495;10397;35;43;10107
19;5;DL;10423;12478;-4;-8;10119
19;5;DL;10397;13303;15;4;10131
19;5;DL;13244;10397;11;19;10143
19;5;DL;13487;10397;1;25;10155
19;5;DL;13204;12953;0;9;10167
19;5;DL;10397;13930;34;12;10179
19;5;DL;13930;10397;49;37;10191
19;5;DL;10397;14524;21;27;10203
19;5;DL;13487;13204;-1;0;10215
19;5;DL;13204;13487;-1;-25;10227
19;5;DL;12953;13303;35;11;10239
19;5;DL;10423;10397;-2;-12;10251
19;5;DL;10397;12953;20;17;10263
19;5;DL;13487;15016;11;0;10275
19;5;DL;11433;14771;-2;-24;10287
19;5;DL;14771;11433;-8;-25;10299
19;5;DL;11433;11057;28;50;10311
19;5;DL;13487;10397;4;31;10323
19;5;DL;13487;13204;1;-3;10335
19;5;DL;14635;11433;-1;-14;10347
19;5;DL;14107;12478;4;9;10359
19;5;DL;11042;10397;-2;8;10371
19;5;DL;13487;12953;37;45;10383
19;5;DL;10693;12892;0;-13;10395
19;5;DL;11298;13487;28;17;10407
19;5;DL;13204;13244;25;13;10419
19;5;DL;14869;14570;2;1;10431
19;5;DL;11193;14747;-3;-6;10443
19;5;DL;14747;11193;-5;-24;10455
19;5;DL;12953;13303;-6;-17;10467
19;5;DL;13303;12953;12;5;10479
19;5;DL;12892;14869;0;-4;10491
19;5;DL;13495;12953;25;9;10503
19;5;DL;11433;10397;4;5;10515
19;5;DL;11292;13487;15;10;10527
19;5;DL;13487;11292;60;45;10539
19;5;DL;10397;11298;0;6;10551
19;5;DL;11298;10397;6;3;10563
19;5;DL;10397;11193;-4;-17;10575
19;5;DL;10397;13930;0;-18;10587
19;5;DL;14869;10721;-2;-4;10599
19;5;DL;10397;11292;-3;-13;10611
19;5;DL;11292;10397;-7;-20;10623
19;5;DL;13930;11433;-2;-8;10635
19;5;DL;13204;10397;-1;10;10647
19;5;DL;12953;13487;4;-28;10659
19;5;DL;13244;12892;0;6;10671
19;5;DL;12892;13244;-2;-16;10683
19;5;DL;11433;14107;-3;-12;10695
19;5;DL;10397;10821;117;128;10707
19;5;DL;10397;10821;5;-7;10719
19;5;DL;10821;10397;-4;-1;10731
19;5;DL;10397;11697;0;-1;10743
19;5;DL;11697;10397;0;10;10755
19;5;DL;11433;13204;-1;8;10767
19;5;DL;13204;11433;3;-13;10779
19;5;DL;13487;14869;-4;-19;10791
19;5;DL;11433;13244;103;111;10803
19;5;DL;10397;13232;72;78;10815
19;5;DL;13232;10397;127;145;10827
19;5;DL;12889;12478;-6;20;10839
19;5;DL;10397;13487;50;27;10851
19;5;DL;10397;13342;63;55;10863
19;5;DL;13342;10397;61;65;10875
19;5;DL;13487;14831;-4;-23;10887
19;5;DL;11278;10397;9;7;10899
19;5;DL;14771;12478;-5;-11;10911
19;5;DL;11193;15304;-4;6;10923
19;5;DL;15304;11193;1;-15;10935
19;5;DL;10397;11618;32;10;10947
19;5;DL;11618;10397;22;45;10959
19;5;DL;12478;10397;9;21;10971
19;5;DL;12953;13303;14;12;10983
19;5;DL;13303;12953;33;19;10995
19;5;DL;11278;11433;73;63;11007
19;5;DL;10397;14107;0;-17;11019
19;5;DL;14107;10397;-1;4;11031
19;5;DL;12953;10397;-5;-7;11043
19;5;DL;11433;12953;-5;0;11055
19;5;DL;10397;14771;-2;-12;11067
19;5;DL;10397;12478;32;24;11079
19;5;DL;13487;12889;0;-14;11091
19;5;DL;10397;11057;25;31;11103
19;5;DL;11298;14869;7;13;11115
19;5;DL;10397;12892;-1;-18;11127
19;5;DL;13204;12478;-7;-7;11139
19;5;DL;10397;14747;-2;-29;11151
19;5;DL;14100;10397;21;26;11163
19;5;DL;13871;13487;-3;-9;11175
19;5;DL;11278;13487;55;52;11187
19;5;DL;10397;14730;17;4;11199
19;5;DL;14730;10397;-1;-4;11211
19;5;DL;14122;10397;-3;-1;11223
19;5;DL;10397;10423;11;18;11235
19;5;DL;10423;10397;7;-10;11247
19;5;DL;11066;10397;987;988;11259
19;5;DL;10397;13204;12;17;11271
19;5;DL;13204;10397;4;12;11283
19;5;DL;14869;14107;-1;-12;11295
19;5;DL;14107;14869;-6;9;11307
19;5;DL;10397;13303;43;90;11319
19;5;DL;13303;10397;85;93;11331
19;5;DL;11433;14635;-2;0;11343
19;5;DL;14635;11433;-10;-1;11355
19;5;DL;10397;13198;-2;9;11367
19;5;DL;13198;10397;5;3;11379
19;5;DL;13204;12953;-8;9;11391
19;5;DL;14869;14570;0;-5;11403
19;5;DL;14570;14869;-5;-8;11415
19;5;DL;14869;14679;-1;-9;11427
19;5;DL;14679;14869;1;8;11439
19;5;DL;14869;14107;7;-7;11451
19;5;DL;14570;14869;-4;2;11463
19;5;DL;11433;13244;-7;0;11475
19;5;DL;10397;12953;23;21;11487
19;5;DL;14492;12892;12;-22;11499
19;5;DL;15016;14869;-1;-13;11511
19;5;DL;13487;14908;-2;-10;11523
19;5;DL;14057;13487;-6;-12;11535
19;5;DL;10397;15304;7;47;11547
19;5;DL;15304;11433;12;-16;11559
19;5;DL;13487;14908;-3;-24;11571
19;5;DL;10397;14100;-3;28;11583
19;5;DL;10397;13931;15;7;11595
19;5;DL;13487;12953;98;91;11607
19;5;DL;13487;14908;5;-10;11619
19;5;DL;13303;12953;14;10;11631
19;5;DL;13244;13204;3;-7;11643
19;5;DL;10397;10721;-1;-15;11655
19;5;DL;10721;10397;7;12;11667
19;5;DL;11193;13204;-4;3;11679
19;5;DL;10397;12264;49;91;11691
19;5;DL;13487;14771;8;10;11703
19;5;DL;14771;13487;60;39;11715
19;5;DL;13487;13930;-2;-5;11727
19;5;DL;13487;11292;65;55;11739
19;5;DL;11292;13487;54;58;11751
19;5;DL;13487;11292;5;7;11763
19;5;DL;10397;11298;-4;37;11775
19;5;DL;11298;10397;36;41;11787
19;5;DL;12264;10397;-2;11;11799
19;5;DL;10397;13930;24;14;11811
19;5;DL;13487;10140;-1;-12;11823
19;5;DL;10140;13487;-2;-7;11835
19;5;DL;13830;12892;164;167;11847
19;5;DL;12892;13487;8;10;11859
19;5;DL;13204;10397;1;-5;11871
19;5;DL;12953;13487;1;-30;11883
19;5;DL;10397;13232;1;-14;11895
19;5;DL;13232;10397;-5;9;11907
19;5;DL;11433;14107;-4;-7;11919
19;5;DL;10397;14122;-2;-17;11931
19;5;DL;14122;10397;-16;-6;11943
19;5;DL;14107;12478;5;-8;11955
19;5;DL;13495;10397;39;46;11967
19;5;DL;10397;10821;36;67;11979
19;5;DL;10821;10397;70;73;11991
19;5;DL;11697;10397;8;-4;12003
19;5;DL;11433;13204;15;26;12015
19;5;DL;13204;11433;18;-8;12027
19;5;DL;12953;11433;42;30;12039
19;5;DL;10397;14683;-1;16;12051
19;5;DL;14683;10397;21;10;12063
19;5;DL;10397;11057;23;52;12075
19;5;DL;11057;10397;54;63;12087
19;5;DL;15304;12953;-1;-5;12099
19;5;DL;10821;11433;-5;-10;12111
19;5;DL;10397;11278;36;51;12123
19;5;DL;12953;13303;212;233;12135
19;5;DL;12889;14869;-7;-13;12147
19;5;DL;10397;13931;-1;24;12159
19;5;DL;13931;10397;21;15;12171
19;5;DL;10397;11618;42;19;12183
19;5;DL;12478;10397;10;43;12195
19;5;DL;11433;11278;134;178;12207
19;5;DL;11278;11433;31;54;12219
19;5;DL;11433;12953;23;18;12231
19;5;DL;11433;14747;-1;-9;12243
19;5;DL;14747;11433;1;2;12255
19;5;DL;14747;14869;15;1;12267
19;5;DL;13303;12953;-5;7;12279
19;5;DL;13487;14771;0;-10;12291
19;5;DL;12892;10397;0;2;12303
19;5;DL;10397;12892;0;-5;12315
19;5;DL;14869;14747;-1;2;12327
19;5;DL;14747;14869;-4;-8;12339
19;5;DL;10397;15016;-5;-19;12351
19;5;DL;15016;10397;-7;3;12363
19;5;DL;12478;13204;19;48;12375
19;5;DL;10397;12478;77;74;12387
19;5;DL;10397;14100;66;65;12399
19;5;DL;14100;10397;65;163;12411
19;5;DL;14893;14869;-5;-11;12423
19;5;DL;11278;13487;-4;-28;12435
19;5;DL;13487;11278;-6;-3;12447
19;5;DL;11618;13487;-6;-16;12459
19;5;DL;11433;14869;29;14;12471
19;5;DL;13487;12892;7;4;12483
19;5;DL;12892;13487;-5;-11;12495
19;5;DL;10397;13204;27;58;12507
19;5;DL;12478;14107;-3;-17;12519
19;5;DL;10397;15304;15;13;12531
19;5;DL;15304;10397;14;10;12543
19;5;DL;10397;13303;67;74;12555
19;5;DL;13303;10397;65;97;12567
19;5;DL;10397;14635;38;25;12579
19;5;DL;14635;10397;29;16;12591
19;5;DL;12953;13303;216;213;12603
19;5;DL;10397;10693;52;48;12615
19;5;DL;10693;10397;43;39;12627
19;5;DL;10397;13244;-3;16;12639
19;5;DL;12953;13204;4;-7;12651
19;5;DL;13487;14635;35;70;12663
19;5;DL;10397;13930;-2;3;12675
19;5;DL;10397;14730;29;10;12687
19;5;DL;14730;10397;14;35;12699
19;5;DL;11697;12478;-6;-7;12711
19;5;DL;13204;12953;-3;-5;12723
19;5;DL;10397;14747;-6;-12;12735
19;5;DL;14747;10397;2;-13;12747
19;5;DL;14869;14057;-5;-14;12759
19;5;DL;14057;14869;-7;-24;12771
19;5;DL;14869;12478;-2;21;12783
19;5;DL;10397;15304;17;39;12795
19;5;DL;15304;11433;-5;-22;12807
19;5;DL;11433;15304;17;32;12819
19;5;DL;15304;11433;20;16;12831
19;5;DL;13487;12953;107;114;12843
19;5;DL;11066;10397;-4;2;12855
19;5;DL;13487;11433;18;30;12867
19;5;DL;12339;13487;16;0;12879
19;5;DL;10721;10397;-6;58;12891
19;5;DL;12889;10397;2;-7;12903
19;5;DL;10397;12889;-1;-6;12915
19;5;DL;12892;14869;8;4;12927
19;5;DL;13487;14107;-5;-14;12939
19;5;DL;14107;13487;-4;24;12951
19;5;DL;14107;13487;-6;-12;12963
19;5;DL;13487;13930;-2;-4;12975
19;5;DL;13930;13487;2;-12;12987
19;5;DL;14057;13487;97;92;12999
19;5;DL;13487;14771;-3;-18;13011
19;5;DL;10397;11298;0;0;13023
19;5;DL;14747;13487;-1;-1;13035
19;5;DL;10397;10140;7;8;13047
19;5;DL;11433;14057;55;27;13059
19;5;DL;14869;10397;-4;0;13071
19;5;DL;12953;13487;36;22;13083
19;5;DL;13487;12892;8;-16;13095
19;5;DL;10299;14869;27;2;13107
19;5;DL;10397;14307;0;-11;13119
19;5;DL;14307;10397;-3;-4;13131
19;5;DL;10397;11697;0;-7;13143
19;5;DL;11697;10397;-4;14;13155
19;5;DL;10397;11697;23;30;13167
19;5;DL;11433;13204;-5;7;13179
19;5;DL;11433;13303;2;13;13191
19;5;DL;14635;10397;-2;-2;13203
19;5;DL;12953;11433;21;2;13215
19;5;DL;15304;10397;0;-10;13227
19;5;DL;10397;15304;0;2;13239
19;5;DL;11433;13487;-2;-12;13251
19;5;DL;10397;14100;-1;3;13263
19;5;DL;14100;10397;13;17;13275
19;5;DL;13487;14747;21;39;13287
19;5;DL;14747;12173;29;2;13299
19;5;DL;10397;11278;-5;-12;13311
19;5;DL;11618;11433;-9;-31;13323
19;5;DL;14771;12478;15;-10;13335
19;5;DL;14869;12892;-1;-14;13347
19;5;DL;13487;15304;-3;15;13359
19;5;DL;11433;11278;1;-2;13371
19;5;DL;12173;14747;-1;-7;13383
19;5;DL;12953;10397;25;17;13395
19;5;DL;11433;12953;40;30;13407
19;5;DL;10397;12266;56;58;13419
19;5;DL;10397;11057;20;24;13431
19;5;DL;11057;10397;43;50;13443
19;5;DL;10397;12892;16;19;13455
19;5;DL;14908;14869;-1;9;13467
19;5;DL;14057;12478;-3;2;13479
19;5;DL;13487;14869;3;-8;13491
19;5;DL;13487;13342;-2;14;13503
19;5;DL;13342;13487;44;40;13515
19;5;DL;12892;12478;-8;17;13527
19;5;DL;11433;13342;812;811;13539
19;5;DL;13204;13244;-5;26;13551
19;5;DL;14730;10397;85;95;13563
19;5;DL;10397;11292;54;33;13575
19;5;DL;10397;14679;0;26;13587
19;5;DL;14679;10397;11;4;13599
19;5;DL;12892;13487;-1;8;13611
19;5;DL;10397;13204;12;18;13623
19;5;DL;11193;14869;-2;-18;13635
19;5;DL;14027;10397;-5;-17;13647
19;5;DL;10397;15304;39;38;13659
19;5;DL;13204;12889;34;36;13671
19;5;DL;12889;13204;24;7;13683
19;5;DL;13204;12953;-6;-7;13695
19;5;DL;13930;10397;18;50;13707
19;5;DL;14869;14679;27;25;13719
19;5;DL;14679;14869;26;23;13731
19;5;DL;13487;14831;-1;-4;13743
19;5;DL;10397;12339;24;27;13755
19;5;DL;12339;10397;25;28;13767
19;5;DL;10397;14122;0;19;13779
19;5;DL;14122;10397;17;27;13791
19;5;DL;11433;10397;2;20;13803
19;5;DL;15016;13487;17;6;13815
19;5;DL;12953;13204;1;-6;13827
19;5;DL;11433;10397;0;3;13839
19;5;DL;10397;10721;1;-1;13851
19;5;DL;13487;14869;0;-7;13863
19;5;DL;14122;10397;-5;-4;13875
19;5;DL;10397;11042;-2;-6;13887
19;5;DL;14869;14679;-6;-10;13899
19;5;DL;14679;14869;-7;-3;13911
19;5;DL;13487;12953;60;79;13923
19;5;DL;10397;12451;-2;4;13935
19;5;DL;12451;10397;-2;11;13947
19;5;DL;13204;13487;-6;-8;13959